parserId,uses
BlobParser,1976
blankLineParser,1897
aftertextHrefParser,1301
htmlAParser,1301
htmlSpanParser,605
scrollImportedParser,407
catchAllParagraphParser,305
aftertextClassParser,228
quickRelativeLinkParser,206
quickLinkParser,180
lineOfCodeParser,164
baseUrlParser,119
rssFeedUrlParser,118
htmlDivParser,114
aftertextNoSnippetParser,113
scrollCenterParser,110
scrollDinkusParser,75
replaceParser,62
editBaseUrlParser,60
siteOwnerEmailParser,59
openGraphDescriptionParser,59
editButtonParser,58
aftertextAutocompleteParser,58
aftertextPlaceholderParser,58
aftertextNameParser,58
aftertextIdParser,58
aftertextTypeParser,58
htmlInputParser,58
aftertextActionParser,58
aftertextMethodParser,58
aftertextStyleParser,58
htmlFormParser,58
quickCssParser,58
metaTagsParser,58
buildTxtParser,56
printTitleParser,56
keyboardNavParser,56
useParserPoolParser,56
scrollVersionLinkParser,55
scriptParser,55
quickScriptParser,55
copyButtonsParser,55
buildHtmlParser,55
endColumnsParser,55
h1Parser,53
scrollTitleParser,53
listAftertextParser,51
scrollTagsParser,51
scrollQuestionParser,50
scrollDateParser,50
printAuthorsParser,48
authorsParser,47
datelineParser,43
quickParagraphParser,41
mediumColumnsParser,37
quickImageParser,31
captionAftertextParser,29
endOfPostDinkusParser,27
endSnippetParser,23
scrollImageParser,18
scrollLinkParser,18
orderedListAftertextParser,17
h2Parser,15
ohayoCodeParser,12
printTableParser,10
scrollTableParser,10
wideColumnsParser,10
scrollTableDataParser,9
scrollTableDelimiterParser,9
importOnlyParser,8
printDateParser,8
openGraphImageParser,7
thinColumnsParser,6
printRelatedParser,5
slashCommentParser,5
h3Parser,5
quoteLineParser,5
openGraphParser,4
scrollDashboardParser,4
italicsParser,3
youTubeParser,3
htmlInlineParser,2
commentParser,2
printSnippetsParser,2
scrollContainerParser,2
observableParser,2
scrollComposeParser,1
printSiteMapParser,1
printUsageStatsParser,1
buildCsvParser,1
matchParser,1
cssParser,1
printFullSnippetsParser,1
printFeedParser,1
buildRssParser,1
codeParser,1
afterTextCenterParser,1
quoteParser,1